<keymap version="1" name="Mac OS X 10.5+ copy" parent="Mac OS X 10.5+">
  <action id="RebuildGradleProject">
    <keyboard-shortcut first-keystroke="ctrl meta f8" />
  </action>
  <action id="SearchEverywhere">
    <keyboard-shortcut first-keystroke="meta caps_lock" />
  </action>
  <action id="android.deploy.ApplyChanges">
    <keyboard-shortcut first-keystroke="ctrl meta r" />
  </action>
  <action id="android.deploy.CodeSwap">
    <keyboard-shortcut first-keystroke="shift ctrl meta r" />
  </action>
</keymap>