<application>
  <component name="ProjectManager">
    <defaultProject>
      <component name="CMakeSettings">
        <configurations>
          <configuration PROFILE_NAME="Debug" CONFIG_NAME="Debug" />
        </configurations>
      </component>
      <component name="Kotlin2JsCompilerArguments">
        <option name="sourceMapEmbedSources" />
        <option name="sourceMapPrefix" />
      </component>
      <component name="MarkdownProjectSettings" wasCopied="true">
        <PreviewSettings splitEditorLayout="SPLIT" splitEditorPreview="PREVIEW" useGrayscaleRendering="false" zoomFactor="1.25" maxImageWidth="0" showGitHubPageIfSynced="false" allowBrowsingInPreview="false" synchronizePreviewPosition="true" highlightPreviewType="NONE" highlightFadeOut="5" highlightOnTyping="true" synchronizeSourcePosition="true" verticallyAlignSourceAndPreviewSyncPosition="true" showSearchHighlightsInPreview="false" showSelectionInPreview="true" openRemoteLinks="true" replaceUnicodeEmoji="false" lastLayoutSetsDefault="false">
          <PanelProvider>
            <provider providerId="com.vladsch.idea.multimarkdown.editor.swing.html.panel" providerName="Default - Swing" />
          </PanelProvider>
        </PreviewSettings>
        <ParserSettings gitHubSyntaxChange="false" emojiShortcuts="1" emojiImages="0">
          <PegdownExtensions>
            <option name="ABBREVIATIONS" value="false" />
            <option name="ANCHORLINKS" value="true" />
            <option name="ASIDE" value="false" />
            <option name="ATXHEADERSPACE" value="true" />
            <option name="AUTOLINKS" value="true" />
            <option name="DEFINITIONS" value="false" />
            <option name="DEFINITION_BREAK_DOUBLE_BLANK_LINE" value="false" />
            <option name="FENCED_CODE_BLOCKS" value="true" />
            <option name="FOOTNOTES" value="false" />
            <option name="HARDWRAPS" value="false" />
            <option name="HTML_DEEP_PARSER" value="false" />
            <option name="INSERTED" value="false" />
            <option name="QUOTES" value="false" />
            <option name="RELAXEDHRULES" value="true" />
            <option name="SMARTS" value="false" />
            <option name="STRIKETHROUGH" value="true" />
            <option name="SUBSCRIPT" value="false" />
            <option name="SUPERSCRIPT" value="false" />
            <option name="SUPPRESS_HTML_BLOCKS" value="false" />
            <option name="SUPPRESS_INLINE_HTML" value="false" />
            <option name="TABLES" value="true" />
            <option name="TASKLISTITEMS" value="true" />
            <option name="TOC" value="false" />
            <option name="WIKILINKS" value="true" />
          </PegdownExtensions>
          <ParserOptions>
            <option name="ADMONITION_EXT" value="false" />
            <option name="ATTRIBUTES_EXT" value="false" />
            <option name="COMMONMARK_LISTS" value="true" />
            <option name="DUMMY" value="false" />
            <option name="EMOJI_SHORTCUTS" value="true" />
            <option name="ENUMERATED_REFERENCES_EXT" value="false" />
            <option name="FLEXMARK_FRONT_MATTER" value="false" />
            <option name="GFM_LOOSE_BLANK_LINE_AFTER_ITEM_PARA" value="false" />
            <option name="GFM_TABLE_RENDERING" value="true" />
            <option name="GITBOOK_URL_ENCODING" value="false" />
            <option name="GITHUB_LISTS" value="false" />
            <option name="GITHUB_WIKI_LINKS" value="true" />
            <option name="GITLAB_EXT" value="false" />
            <option name="GITLAB_MATH_EXT" value="false" />
            <option name="GITLAB_MERMAID_EXT" value="false" />
            <option name="HEADER_ID_NO_DUPED_DASHES" value="false" />
            <option name="JEKYLL_FRONT_MATTER" value="false" />
            <option name="MACROS_EXT" value="false" />
            <option name="NO_TEXT_ATTRIBUTES" value="false" />
            <option name="PARSE_HTML_ANCHOR_ID" value="false" />
            <option name="SIM_TOC_BLANK_LINE_SPACER" value="true" />
          </ParserOptions>
        </ParserSettings>
        <HtmlSettings headerTopEnabled="false" headerBottomEnabled="false" bodyTopEnabled="false" bodyBottomEnabled="false" embedUrlContent="false" addPageHeader="true" embedImages="false" embedHttpImages="false" imageUriSerials="false" addDocTypeHtml="true">
          <GeneratorProvider>
            <provider providerId="com.vladsch.idea.multimarkdown.editor.swing.html.generator" providerName="Default Swing HTML Generator" />
          </GeneratorProvider>
          <headerTop />
          <headerBottom />
          <bodyTop />
          <bodyBottom />
        </HtmlSettings>
        <CssSettings previewScheme="UI_SCHEME" cssUri="" isCssUriEnabled="false" isCssUriSerial="true" isCssTextEnabled="false" isDynamicPageWidth="true">
          <StylesheetProvider>
            <provider providerId="com.vladsch.idea.multimarkdown.editor.swing.html.css" providerName="Default Swing Stylesheet" />
          </StylesheetProvider>
          <ScriptProviders />
          <cssText />
          <cssUriHistory />
        </CssSettings>
        <HtmlExportSettings updateOnSave="false" parentDir="" targetDir="" cssDir="" scriptDir="" plainHtml="false" imageDir="" copyLinkedImages="false" imageUniquifyType="0" targetExt="" useTargetExt="false" noCssNoScripts="false" linkToExportedHtml="true" exportOnSettingsChange="true" regenerateOnProjectOpen="false" linkFormatType="HTTP_ABSOLUTE" />
        <LinkMapSettings>
          <textMaps />
        </LinkMapSettings>
      </component>
      <component name="ProjectCodeStyleConfiguration">
        <code_scheme name="Project" version="173">
          <Objective-C-extensions>
            <file>
              <option name="com.jetbrains.cidr.lang.util.OCDeclarationKind" value="Import" />
              <option name="com.jetbrains.cidr.lang.util.OCDeclarationKind" value="Macro" />
              <option name="com.jetbrains.cidr.lang.util.OCDeclarationKind" value="Typedef" />
              <option name="com.jetbrains.cidr.lang.util.OCDeclarationKind" value="Enum" />
              <option name="com.jetbrains.cidr.lang.util.OCDeclarationKind" value="Constant" />
              <option name="com.jetbrains.cidr.lang.util.OCDeclarationKind" value="Global" />
              <option name="com.jetbrains.cidr.lang.util.OCDeclarationKind" value="Struct" />
              <option name="com.jetbrains.cidr.lang.util.OCDeclarationKind" value="FunctionPredecl" />
              <option name="com.jetbrains.cidr.lang.util.OCDeclarationKind" value="Function" />
            </file>
            <class>
              <option name="com.jetbrains.cidr.lang.util.OCDeclarationKind" value="Property" />
              <option name="com.jetbrains.cidr.lang.util.OCDeclarationKind" value="Synthesize" />
              <option name="com.jetbrains.cidr.lang.util.OCDeclarationKind" value="InitMethod" />
              <option name="com.jetbrains.cidr.lang.util.OCDeclarationKind" value="StaticMethod" />
              <option name="com.jetbrains.cidr.lang.util.OCDeclarationKind" value="InstanceMethod" />
              <option name="com.jetbrains.cidr.lang.util.OCDeclarationKind" value="DeallocMethod" />
            </class>
            <extensions>
              <pair source="cpp" header="h" fileNamingConvention="NONE" />
              <pair source="c" header="h" fileNamingConvention="NONE" />
            </extensions>
          </Objective-C-extensions>
        </code_scheme>
      </component>
      <component name="ProjectRootManager" version="2" languageLevel="JDK_1_3" />
      <component name="PropertiesComponent">
        <property name="android.project.structure.last.selected" value="SDK Location" />
        <property name="android.project.structure.proportion" value="0.15" />
        <property name="android.sdk.path" value="$USER_HOME$/Library/Android/sdk" />
        <property name="settings.editor.selected.configurable" value="preferences.sourceCode" />
      </component>
      <component name="RunManager">
        <configuration default="true" type="Application" factoryName="Application">
          <extension name="coverage" enabled="false" merge="false" sample_coverage="true" runner="idea" />
          <option name="MAIN_CLASS_NAME" />
          <option name="VM_PARAMETERS" />
          <option name="PROGRAM_PARAMETERS" />
          <option name="WORKING_DIRECTORY" value="$PROJECT_DIR$" />
          <option name="ALTERNATIVE_JRE_PATH_ENABLED" value="false" />
          <option name="ALTERNATIVE_JRE_PATH" />
          <option name="ENABLE_SWING_INSPECTOR" value="false" />
          <option name="ENV_VARIABLES" />
          <option name="PASS_PARENT_ENVS" value="true" />
          <module name="" />
          <envs />
          <method />
        </configuration>
        <configuration default="true" type="JUnit" factoryName="JUnit">
          <extension name="coverage" enabled="false" merge="false" sample_coverage="true" runner="idea" />
          <module name="" />
          <option name="ALTERNATIVE_JRE_PATH_ENABLED" value="false" />
          <option name="ALTERNATIVE_JRE_PATH" />
          <option name="PACKAGE_NAME" />
          <option name="MAIN_CLASS_NAME" />
          <option name="METHOD_NAME" />
          <option name="TEST_OBJECT" value="class" />
          <option name="VM_PARAMETERS" value="-ea" />
          <option name="PARAMETERS" />
          <option name="WORKING_DIRECTORY" value="$MODULE_DIR$" />
          <option name="ENV_VARIABLES" />
          <option name="PASS_PARENT_ENVS" value="true" />
          <option name="TEST_SEARCH_SCOPE">
            <value defaultName="singleModule" />
          </option>
          <envs />
          <patterns />
          <method />
        </configuration>
        <configuration default="true" type="Remote" factoryName="Remote">
          <option name="USE_SOCKET_TRANSPORT" value="true" />
          <option name="SERVER_MODE" value="false" />
          <option name="SHMEM_ADDRESS" value="javadebug" />
          <option name="HOST" value="localhost" />
          <option name="PORT" value="5005" />
          <method />
        </configuration>
        <configuration default="true" type="TestNG" factoryName="TestNG">
          <extension name="coverage" enabled="false" merge="false" sample_coverage="true" runner="idea" />
          <module name="" />
          <option name="ALTERNATIVE_JRE_PATH_ENABLED" value="false" />
          <option name="ALTERNATIVE_JRE_PATH" />
          <option name="SUITE_NAME" />
          <option name="PACKAGE_NAME" />
          <option name="MAIN_CLASS_NAME" />
          <option name="METHOD_NAME" />
          <option name="GROUP_NAME" />
          <option name="TEST_OBJECT" value="CLASS" />
          <option name="VM_PARAMETERS" value="-ea" />
          <option name="PARAMETERS" />
          <option name="WORKING_DIRECTORY" value="$MODULE_DIR$" />
          <option name="OUTPUT_DIRECTORY" />
          <option name="ANNOTATION_TYPE" />
          <option name="ENV_VARIABLES" />
          <option name="PASS_PARENT_ENVS" value="true" />
          <option name="TEST_SEARCH_SCOPE">
            <value defaultName="singleModule" />
          </option>
          <option name="USE_DEFAULT_REPORTERS" value="false" />
          <option name="PROPERTIES_FILE" />
          <envs />
          <properties />
          <listeners />
          <method />
        </configuration>
        <configuration name="&lt;template&gt;" type="Applet" default="true" selected="false">
          <option name="MAIN_CLASS_NAME" />
          <option name="HTML_FILE_NAME" />
          <option name="HTML_USED" value="false" />
          <option name="WIDTH" value="400" />
          <option name="HEIGHT" value="300" />
          <option name="POLICY_FILE" value="$APPLICATION_HOME_DIR$/bin/appletviewer.policy" />
          <option name="VM_PARAMETERS" />
        </configuration>
        <configuration name="&lt;template&gt;" type="#org.jetbrains.idea.devkit.run.PluginConfigurationType" default="true" selected="false">
          <option name="VM_PARAMETERS" value="-Xmx512m -Xms256m -XX:MaxPermSize=250m -ea" />
        </configuration>
      </component>
      <component name="TerminalProjectOptionsProvider">
        <option name="myStartingDirectory" value="/bin/zsh" />
      </component>
      <component name="VcsContentAnnotationSettings">
        <option name="myLimit" value="2678400000" />
      </component>
      <component name="masterDetails">
        <states>
          <state key="ProjectJDKs.UI">
            <settings>
              <last-edited>1.8</last-edited>
              <splitter-proportions>
                <option name="proportions">
                  <list>
                    <option value="0.2" />
                  </list>
                </option>
              </splitter-proportions>
            </settings>
          </state>
        </states>
      </component>
    </defaultProject>
  </component>
</application>