<application>
  <component name="ShowUsagesSettings">
    <option name="EXPORT_FILE_NAME" value="$USER_HOME$/Downloads/report_module.txt" />
    <option name="FLATTEN_MODULES" value="false" />
    <option name="GROUP_BY_PACKAGE" value="true" />
    <option name="IS_SORT_MEMBERS_ALPHABETICALLY" value="true" />
  </component>
  <component name="UsageViewSettings">
    <option name="GROUP_BY_MODULE" value="false" />
    <option name="GROUP_BY_PACKAGE" value="false" />
    <option name="GROUP_BY_USAGE_TYPE" value="false" />
  </component>
</application>